cdx2,tfap2c,tead4,yap1,gata3,sequence,motif,row,frequency,bound_ranking_desc,freq_ranking_desc
45.48689651,18.78357124,80.27482605,26.18815994,15.6506567,GAATTCCTGGAATGCCT,Tead4-Tead4,13,11,0,13
43.627491,16.92415237,78.73749542,25.77666664,16.14409828,GCATTCCAGGAATTCCA,Tead4-Tead4,8,15,1,8
44.28915405,17.58854294,77.83000946,25.4376545,15.80037975,GAATTCCTGGAATGTCT,Tead4-Tead4,30,5,2,39
44.34169769,17.49084663,76.3776474,25.40935707,15.95059586,ACATTCCAGGAATTCCA,Tead4-Tead4,21,8,3,19
43.36125946,17.53125191,73.05514526,24.54838753,15.43520927,GAATTCCTGGAATGCTT,Tead4-Tead4,38,5,4,37
47.4230423,18.45806122,72.06304932,24.79325104,16.29978943,ACATTCCTGACATTCCT,Tead4-Tead4,31,5,5,36
45.12019348,19.12275314,69.60139465,24.57378578,16.50888443,AAATTCCTGGAATTCCT,Tead4-Tead4,27,6,6,26
46.13538361,19.75891113,66.10735321,24.19577789,15.2834816,AAATTCCTGGAATGCCT,Tead4-Tead4,16,10,7,15
41.60244751,15.98807907,63.152771,23.21968079,15.35932636,GCATTCCAGGAATTTCA,Tead4-Tead4,24,7,8,23
41.37392807,16.85928535,60.94857025,22.70144081,14.92198277,GCATGCCTGGAATTCCA,Tead4-Tead4,23,7,9,24
44.70592499,16.53384781,57.80530548,22.41048622,15.55479908,ACATACCTGAAATTCCA,Tead4-Tead4,37,5,10,32
42.32056046,15.7943058,51.14407349,21.06352806,15.54680252,ACATGCCTGGAATTCCA,Tead4-Tead4,18,8,11,18
43.4475174,18.16404343,49.86012268,21.1656723,15.97711754,GGATTCCTGGAATGCCT,Tead4-Tead4,12,13,12,12
43.84361267,18.66144943,48.15408325,20.9526062,16.13357544,AGATTCCTGGAATGCCT,Tead4-Tead4,2,19,13,2
43.97293854,15.74925423,47.08776474,20.51239395,15.81345558,AAATACCTGGGATTCCT,Tead4-Tead4,28,6,14,27
40.33795929,17.04145813,41.99499893,18.94365692,15.28661442,GCATTCCAGGAATCTCA,Tead4-Tead4,7,15,15,9
39.35330963,15.06726551,39.87397003,18.59663582,14.8152771,GAATTCCAGGCATGCAC,Tead4-Tead4,39,5,16,38
39.85261154,15.80638885,39.84755325,18.76126099,15.46681309,ACATGCCTGAAATTCCA,Tead4-Tead4,36,5,17,35
38.34095764,15.15205765,39.81435394,18.47036362,15.41384411,GCATTCCAGGAATCCCA,Tead4-Tead4,14,10,18,14
42.48786163,16.54151535,39.44883728,18.61809921,15.6185236,ACATGCCTTGAATTCCA,Tead4-Tead4,34,5,19,33
41.07458878,14.32495785,37.58906555,18.34690857,15.16226959,ACATTCCTGTAATTCCA,Tead4-Tead4,22,7,20,22
37.55175781,14.91204071,37.48917007,17.63165092,14.85100079,ACATACCACACATACCA,Tead4-Tead4,19,8,21,20
40.41464996,15.0738163,35.30579376,17.7567749,15.5117569,GAATGCCACACATTCCT,Tead4-Tead4,17,9,22,17
43.29474258,18.65748024,34.9642067,17.98961067,15.77906036,ACATGCCTGTCATTCCA,Tead4-Tead4,29,6,23,29
40.76312256,16.73732948,34.74743652,17.38884354,15.69023228,GAATGTGTGGCATTCCT,Tead4-Tead4,20,8,24,21
41.54692078,16.58070755,32.34831619,17.3126297,15.09928703,ACATACCTGTAATTCCA,Tead4-Tead4,25,7,25,25
37.92020798,13.85312462,31.83624649,16.79771423,15.04573059,ACATGCCTTAAATTCCA,Tead4-Tead4,26,6,26,28
39.50943756,14.70557499,30.58239174,16.61633682,15.16293049,GCATGCTTGTAATTCCA,Tead4-Tead4,40,5,27,40
40.70426941,15.02745056,30.10980415,16.64901733,15.35713482,GCATGCCTGTAATTCCA,Tead4-Tead4,15,10,28,16
40.12643433,16.88349915,29.17849731,16.52083397,15.79265213,ACATGCCTGCAATTCCA,Tead4-Tead4,32,5,29,30
41.62369537,15.2898798,28.21697617,16.06251335,15.36810589,ACATTCCTTTAATTCCA,Tead4-Tead4,33,5,30,31
38.07859421,15.42853546,27.72626495,16.12321854,15.26111603,ACATTCTGAGAATTTTT,Tead4-Tead4,4,17,31,4
41.29033661,17.38691711,27.60622787,16.2466259,16.15869141,AGATTCCTGAAATGCTT,Tead4-Tead4,3,18,32,3
38.36098862,15.03351784,27.08881569,15.59874916,15.16544724,ACATGCCTGTAATTCCA,Tead4-Tead4,6,15,33,7
39.88252258,15.69725132,26.25716209,15.5600214,15.25154114,ACATACCTTTAATTCCA,Tead4-Tead4,35,5,34,34
38.62825012,16.37586594,25.59350014,15.43220043,15.69340992,GCATTTCAGGAATCTCA,Tead4-Tead4,9,15,35,6
38.38898468,15.07293701,23.30488777,14.69716454,15.51115036,AAATACTTAGAATAACA,Tead4-Tead4,5,16,36,5
37.86788177,13.60896873,23.18233109,14.6043644,14.87222099,AAATACCAAAAATACCA,Tead4-Tead4,0,65,37,0
38.51683044,15.26420975,22.04332352,14.51903439,15.29807472,GCATGCCTTTAATTCCA,Tead4-Tead4,10,14,38,11
37.22998047,14.48897457,21.21037292,14.03003788,15.00907135,ACATGCCTTTAATTCCA,Tead4-Tead4,11,14,39,10
38.26921844,14.32992935,20.41363335,13.84021187,16.81259918,AAATACCAAAGATACCA,Tead4-Tead4,1,22,40,1
38.20602798,14.57397366,26.16339493,15.39976692,14.78737068,ACATTCCAG,Tead4,0,4159,0,0
39.49068451,15.34688759,25.60134315,15.45336437,15.15820694,ACATTCCTG,Tead4,1,2598,1,1
38.92745972,14.98742867,25.04631996,15.24494839,14.97015285,GCATTCCAG,Tead4,2,2283,3,2
37.9839859,14.95637035,22.84142303,14.77745819,14.88622856,AAATTCCTG,Tead4,3,1667,5,3
40.30215454,17.42765427,25.49396515,15.5322237,16.10692024,GCATTCCTG,Tead4,4,1567,2,4
36.16732788,14.88196468,22.11881828,14.37795258,15.00325394,AAATTCCAG,Tead4,5,1538,7,5
37.48487091,15.06805706,21.05973816,13.9654026,15.1898613,ACATTCCAA,Tead4,6,1212,12,6
37.45640564,15.14653683,23.60965347,14.89825344,15.2057991,GAATTCCAG,Tead4,7,1206,4,7
39.73072433,15.58302116,21.63275909,14.49611568,15.69012833,ACATTCCTC,Tead4,8,1168,10,8
38.54785919,15.05942917,19.97132111,13.81107998,15.57555389,ACATTCCTT,Tead4,9,759,15,9
37.56942368,15.67417526,21.95575714,14.42925739,15.04234314,ACATTCCAC,Tead4,10,709,8,10
38.41583252,15.97788048,19.84489441,13.90757275,16.00765991,ACATTCCCA,Tead4,11,683,16,11
37.96376038,15.87703896,20.91808701,14.20929146,15.12813759,GCATTCCTC,Tead4,12,584,13,12
37.24675369,14.07703018,21.50630188,14.19045448,16.13537979,GCATTCCAA,Tead4,13,568,11,13
35.61074829,14.89745522,18.43057632,13.3089323,15.71626472,AGATTCCAG,Tead4,14,560,18,14
38.64944077,15.54046249,19.48210526,13.8100214,15.90061951,ACATTCCCT,Tead4,15,547,17,15
36.60684586,14.5291481,21.73286247,14.20396805,15.31688881,ACATACCAG,Tead4,16,539,9,16
38.11990356,15.51094913,20.31872559,14.01076126,15.67491245,ACATTCCAT,Tead4,17,530,14,17
39.28994751,15.70439434,22.48137283,14.72057152,15.92813587,GAATTCCTG,Tead4,18,523,6,18