cdx2,tfap2c,tead4,yap1,gata3,sequence,motif,row,frequency
40.49538040161133,20.783580780029297,28.196304321289062,16.232439041137695,15.760361671447754,GCATTCCAG,Tead4,5,1066
38.34010314941406,13.364116668701172,25.521488189697266,15.446523666381836,15.083578109741211,ACATTCCTG,Tead4,3,1477
38.42253112792969,14.22048568725586,25.278005599975586,15.042472839355469,14.575581550598145,ACATTCCAG,Tead4,1,1602
39.269866943359375,15.563111305236816,24.132328033447266,15.08395004272461,16.348268508911133,GCATTCCCG,Tead4,29,91
38.170570373535156,12.187399864196777,24.079044342041016,14.778175354003906,16.08176040649414,GCATTCCTG,Tead4,4,1072
36.575653076171875,14.046834945678711,23.757061004638672,14.724742889404297,14.903545379638672,ACATTCCCG,Tead4,28,101
36.13493347167969,14.613879203796387,23.23879623413086,14.584169387817383,14.89190673828125,AAATTCCAG,Tead4,0,1626
41.70132827758789,14.707054138183594,22.950660705566406,15.070329666137695,15.722261428833008,AAATTCCTG,Tead4,6,1046
38.17877960205078,15.5120849609375,22.802181243896484,14.472997665405273,15.304756164550781,ACATTCCAA,Tead4,9,842
35.04048156738281,12.226659774780273,22.447818756103516,14.530640602111816,14.494579315185547,GAATTCCAG,Tead4,2,1485
40.95679473876953,15.223423957824707,21.545303344726562,14.598926544189453,16.439767837524414,ACATTCCTC,Tead4,15,489
35.80231857299805,12.25814437866211,21.484561920166016,14.168281555175781,15.582799911499023,GCATTCCAC,Tead4,25,190
36.63289260864258,12.593064308166504,21.311264038085938,13.999588012695312,16.4979248046875,ACATACCTG,Tead4,23,298
36.796546936035156,16.03048324584961,21.264385223388672,14.146734237670898,15.588634490966797,ACATACCAG,Tead4,24,279
40.704612731933594,21.019493103027344,21.2512149810791,14.685445785522461,16.270221710205078,GCATTCCTC,Tead4,36,10
38.024566650390625,16.100778579711914,21.166339874267578,14.318036079406738,15.274226188659668,AGATTCCAG,Tead4,8,854
40.288482666015625,16.08083724975586,21.110267639160156,14.429807662963867,15.643365859985352,ACATTCCTT,Tead4,21,400
38.80947494506836,14.994527816772461,21.055038452148438,14.315939903259277,15.765935897827148,GCATTCCAT,Tead4,26,186
36.392173767089844,13.262768745422363,20.935626983642578,14.036784172058105,16.286523818969727,GAATTCCTG,Tead4,7,914
37.84126663208008,15.417800903320312,20.75255584716797,14.017070770263672,14.85263729095459,GCATACCAG,Tead4,27,163
35.80992889404297,14.290106773376465,20.028703689575195,13.621698379516602,15.210345268249512,ACATTCCAC,Tead4,13,555
36.05016326904297,11.871383666992188,19.9278564453125,13.638185501098633,14.957562446594238,GAATTCCCG,Tead4,35,11
36.98481750488281,14.00963020324707,19.795379638671875,13.729171752929688,16.476980209350586,ACATTCCTA,Tead4,11,630
36.87619400024414,16.585651397705078,19.63677978515625,13.760100364685059,14.250712394714355,AAATTCCCG,Tead4,33,14
37.12374496459961,12.294947624206543,19.507770538330078,13.65798568725586,15.369897842407227,GCATTCCTA,Tead4,32,21
34.42415237426758,13.362387657165527,19.477935791015625,13.280014038085938,15.183910369873047,GCATTCCAA,Tead4,16,482
38.47130584716797,15.54414176940918,19.34987449645996,13.62103271484375,15.56824016571045,GCATTCCTT,Tead4,34,13
35.84132385253906,12.475849151611328,19.109416961669922,13.31900405883789,15.293052673339844,ACATTCCAT,Tead4,22,387
36.393707275390625,13.466350555419922,18.69219207763672,13.734128952026367,15.906488418579102,CCATTCCAG,Tead4,19,419
39.561317443847656,16.71306800842285,18.544391632080078,13.706781387329102,16.329893112182617,TCATTCCTG,Tead4,18,457
36.11143493652344,16.239057540893555,17.908538818359375,13.167937278747559,15.18832778930664,AGATTCCTG,Tead4,14,547
35.144779205322266,14.069305419921875,17.713836669921875,13.19920825958252,15.537519454956055,GGATTCCAG,Tead4,10,700
38.233089447021484,15.824377059936523,17.535261154174805,13.479669570922852,15.770421981811523,TCATTCCAG,Tead4,20,411
38.40746307373047,16.61971664428711,17.333532333374023,13.409536361694336,15.948246002197266,CCATTCCTG,Tead4,17,467
36.730247497558594,14.595200538635254,17.126007080078125,13.199108123779297,15.769827842712402,GGATTCCTG,Tead4,12,565
36.159141540527344,14.221803665161133,15.6879301071167,12.539545059204102,14.867429733276367,CAATTCCAG,Tead4,30,66
32.944183349609375,11.499518394470215,15.53368854522705,12.429140090942383,14.929356575012207,TAATTCCAG,Tead4,31,64
